{"count":1,"self":18.1816288,"total":48.550629199999996,"children":{"InitializeActuators":{"count":15,"self":0.0010153,"total":0.0010153,"children":null},"InitializeSensors":{"count":15,"self":0.00099899999999999989,"total":0.00099899999999999989,"children":null},"AgentSendState":{"count":7751,"self":0.7569874,"total":1.8960549999999998,"children":{"CollectObservations":{"count":23265,"self":0.65418159999999992,"total":0.65418159999999992,"children":null},"WriteActionMask":{"count":23265,"self":0.0059256,"total":0.0059256,"children":null},"RequestDecision":{"count":23265,"self":0.0382355,"total":0.47896039999999995,"children":{"AgentInfo.ToProto":{"count":23265,"self":0.0343279,"total":0.4407249,"children":{"GenerateSensorData":{"count":23265,"self":0.32427259999999997,"total":0.406397,"children":{"RayPerceptionSensor.Perceive":{"count":46530,"self":0.0821244,"total":0.0821244,"children":null}}}}}}}}},"DecideAction":{"count":7751,"self":13.847871999999999,"total":13.8478728,"children":null},"AgentAct":{"count":7751,"self":14.622,"total":14.623059099999999,"children":{"AgentInfo.ToProto":{"count":105,"self":0,"total":0.0010586999999999999,"children":{"GenerateSensorData":{"count":105,"self":0.0010586999999999999,"total":0.0010586999999999999,"children":{"RayPerceptionSensor.Perceive":{"count":210,"self":0,"total":0,"children":null}}}}}}}},"gauges":{"RobotWalk2.CumulativeReward":{"count":105,"max":625.646667,"min":170.56015,"runningAverage":360.011139,"value":385.039978,"weightedAverage":367.967}},"metadata":{"timer_format_version":"0.1.0","start_time_seconds":"1713845206","unity_version":"2022.3.22f1","command_line_arguments":"C:\\Program Files\\Unity\\Hub\\Editor\\2022.3.22f1\\Editor\\Unity.exe -projectpath C:\\Dev\\Unity_ML-Agents\\V3\\ELMO -useHub -hubIPC -cloudEnvironment production -licensingIpc LicenseClient-X -hubSessionId e2f28c0d-e291-4392-8180-66794d67dfab -accessToken dWiWodNhJswrvijjC8LyLzR45xiLOYsDHwY96Hrz3Z4008f","communication_protocol_version":"1.5.0","com.unity.ml-agents_version":"2.0.1","scene_name":"SampleScene","end_time_seconds":"1713845255"}}