{"count":1,"self":253.3986304,"total":1326.8420458,"children":{"InitializeActuators":{"count":5,"self":0.0010237,"total":0.0010237,"children":null},"InitializeSensors":{"count":5,"self":0.0010069999999999999,"total":0.0010069999999999999,"children":null},"AgentSendState":{"count":447434,"self":28.792297599999998,"total":54.8243216,"children":{"CollectObservations":{"count":447435,"self":15.999563199999999,"total":15.999563799999999,"children":null},"WriteActionMask":{"count":447435,"self":0.1661876,"total":0.1661876,"children":null},"RequestDecision":{"count":447435,"self":0.90938829999999993,"total":9.8662723,"children":{"AgentInfo.ToProto":{"count":447435,"self":0.66379749999999993,"total":8.9568839999999987,"children":{"GenerateSensorData":{"count":447435,"self":6.6950259999999995,"total":8.2930865,"children":{"RayPerceptionSensor.Perceive":{"count":894870,"self":1.5980603999999998,"total":1.5980603999999998,"children":null}}}}}}}}},"DecideAction":{"count":447434,"self":733.619968,"total":733.6199478,"children":null},"AgentAct":{"count":447434,"self":284.85706239999996,"total":284.9971248,"children":{"AgentInfo.ToProto":{"count":4434,"self":0.0180963,"total":0.140058,"children":{"GenerateSensorData":{"count":4434,"self":0.08774839999999999,"total":0.12196169999999999,"children":{"RayPerceptionSensor.Perceive":{"count":8868,"self":0.034213299999999995,"total":0.034213299999999995,"children":null}}}}}}},"AgentInfo.ToProto":{"count":45,"self":0,"total":0,"children":{"GenerateSensorData":{"count":45,"self":0,"total":0,"children":{"RayPerceptionSensor.Perceive":{"count":90,"self":0,"total":0,"children":null}}}}}},"gauges":{"RobotWalk2.CumulativeReward":{"count":4479,"max":46.61809,"min":-1512.64917,"runningAverage":-385.7856,"value":-353.426056,"weightedAverage":-391.1667}},"metadata":{"timer_format_version":"0.1.0","start_time_seconds":"1714128031","unity_version":"2022.3.22f1","command_line_arguments":"C:\\Program Files\\Unity\\Hub\\Editor\\2022.3.22f1\\Editor\\Unity.exe -projectpath C:\\Dev\\Unity_ML-Agents\\V3\\ELMO -useHub -hubIPC -cloudEnvironment production -licensingIpc LicenseClient-X -hubSessionId ae957556-9a27-47cb-a797-0636514cf8c8 -accessToken MQlSUtVsZFOYO6LCquH8pUn2WOsqcapGKNncdlw5_Pw008f","communication_protocol_version":"1.5.0","com.unity.ml-agents_version":"2.0.1","scene_name":"SampleScene","end_time_seconds":"1714129358"}}