{"count":1,"self":4278.1769728,"total":10397.560963,"children":{"InitializeActuators":{"count":20,"self":0.0009903,"total":0.0009903,"children":null},"InitializeSensors":{"count":20,"self":0.0019932,"total":0.0019932,"children":null},"AgentSendState":{"count":1031881,"self":169.411328,"total":628.594158,"children":{"CollectObservations":{"count":4127540,"self":381.4210304,"total":381.4210223,"children":null},"WriteActionMask":{"count":4127540,"self":1.7988507999999999,"total":1.7988509,"children":null},"RequestDecision":{"count":4127540,"self":5.5727256,"total":75.9629534,"children":{"AgentInfo.ToProto":{"count":4127540,"self":4.232108,"total":70.390228,"children":{"GenerateSensorData":{"count":4127540,"self":53.237625599999994,"total":66.1581199,"children":{"RayPerceptionSensor.Perceive":{"count":8255080,"self":12.920493599999999,"total":12.920493299999999,"children":null}}}}}}}}},"DecideAction":{"count":1031881,"self":5005.3505024,"total":5005.350324,"children":null},"AgentAct":{"count":1031881,"self":480.51327999999995,"total":480.51325729999996,"children":null},"AgentInfo.ToProto":{"count":150361,"self":0.8974106,"total":4.9224350999999995,"children":{"GenerateSensorData":{"count":150361,"self":3.2496388,"total":4.0250245,"children":{"RayPerceptionSensor.Perceive":{"count":300722,"self":0.7753858,"total":0.7753858,"children":null}}}}}},"gauges":{"RobotWalk2.CumulativeReward":{"count":150361,"max":129.005127,"min":-8,"runningAverage":12.9446087,"value":2.999714,"weightedAverage":7.722037}},"metadata":{"timer_format_version":"0.1.0","start_time_seconds":"1714424953","unity_version":"2022.3.22f1","command_line_arguments":"C:\\Program Files\\Unity\\Hub\\Editor\\2022.3.22f1\\Editor\\Unity.exe -projectpath C:\\Dev\\Unity_ML-Agents\\V3\\ELMO -useHub -hubIPC -cloudEnvironment production -licensingIpc LicenseClient-X -hubSessionId ae957556-9a27-47cb-a797-0636514cf8c8 -accessToken V2I2GlWxoaa2KASMlO3K2BUYe_cdMoDikTgylQTgKJw008f","communication_protocol_version":"1.5.0","com.unity.ml-agents_version":"2.0.1","scene_name":"SampleScene","end_time_seconds":"1714435351"}}